Customer ID,frequency,monetary,segment
1,1,53,1
2,1,64,3
3,1,73,3
4,1,90,0
5,1,49,1
6,1,20,2
7,1,85,0
8,1,34,2
9,1,97,0
10,1,31,2
11,1,34,2
12,1,68,3
13,1,72,3
14,1,51,1
15,1,53,1
16,1,81,0
17,1,36,2
18,1,38,2
19,1,48,1
20,1,90,0
21,1,51,1
22,1,62,3
23,1,37,2
24,1,88,0
25,1,22,2
26,1,25,2
27,1,20,2
28,1,56,1
29,1,94,0
30,1,48,1
31,1,31,2
32,1,79,3
33,1,67,3
34,1,38,2
35,1,91,0
36,1,33,2
37,1,69,3
38,1,45,1
39,1,37,2
40,1,60,1
41,1,76,3
42,1,39,2
43,1,100,0
44,1,69,3
45,1,53,1
46,1,21,2
47,1,43,1
48,1,54,1
49,1,55,1
50,1,30,2
51,1,28,2
52,1,59,1
53,1,20,2
54,1,24,2
55,1,94,0
56,1,28,2
57,1,73,3
58,1,64,3
59,1,54,1
60,1,79,3
61,1,37,2
62,1,68,3
63,1,21,2
64,1,79,3
65,1,83,0
66,1,36,2
67,1,94,0
68,1,33,2
69,1,46,1
70,1,70,3
71,1,29,2
72,1,48,1
73,1,26,2
74,1,85,0
75,1,58,1
76,1,85,0
77,1,43,1
78,1,53,1
79,1,91,0
80,1,96,0
81,1,72,3
82,1,96,0
83,1,28,2
84,1,40,2
85,1,32,2
86,1,95,0
87,1,41,1
88,1,53,1
89,1,47,1
90,1,83,0
91,1,48,1
92,1,99,0
93,1,87,0
94,1,62,3
95,1,76,3
96,1,100,0
97,1,73,3
98,1,92,0
99,1,67,3
100,1,40,2
101,1,98,0
102,1,85,0
103,1,67,3
104,1,89,0
105,1,24,2
106,1,96,0
107,1,35,2
108,1,67,3
109,1,79,3
110,1,85,0
111,1,26,2
112,1,75,3
113,1,65,3
114,1,54,1
115,1,95,0
116,1,94,0
117,1,86,0
118,1,32,2
119,1,45,1
120,1,76,3
121,1,84,0
122,1,72,3
123,1,40,2
124,1,89,0
125,1,86,0
126,1,54,1
127,1,36,2
128,1,89,0
129,1,32,2
130,1,67,3
131,1,39,2
132,1,29,2
133,1,58,1
134,1,65,3
135,1,94,0
136,1,81,0
137,1,86,0
138,1,43,1
139,1,29,2
140,1,95,0
141,1,28,2
142,1,46,1
143,1,58,1
144,1,48,1
145,1,43,1
146,1,95,0
147,1,30,2
148,1,64,3
149,1,90,0
150,1,76,3
151,1,96,0
152,1,47,1
153,1,85,0
154,1,55,1
155,1,98,0
156,1,77,3
157,1,26,2
158,1,68,3
159,1,73,3
160,1,27,2
161,1,23,2
162,1,49,1
163,1,74,3
164,1,67,3
165,1,65,3
166,1,60,1
167,1,31,2
168,1,27,2
169,1,80,3
170,1,30,2
171,1,25,2
172,1,35,2
173,1,67,3
174,1,46,1
175,1,35,2
176,1,86,0
177,1,81,0
178,1,42,1
179,1,43,1
180,1,31,2
181,1,81,0
182,1,61,3
183,1,96,0
184,1,29,2
185,1,33,2
186,1,32,2
187,1,56,1
188,1,94,0
189,1,53,1
190,1,82,0
191,1,70,3
192,1,76,3
193,1,29,2
194,1,100,0
195,1,94,0
196,1,25,2
197,1,88,0
198,1,78,3
199,1,45,1
200,1,73,3
201,1,61,3
202,1,22,2
203,1,38,2
204,1,38,2
205,1,100,0
206,1,64,3
207,1,55,1
208,1,91,0
209,1,38,2
210,1,97,0
211,1,22,2
212,1,92,0
213,1,84,0
214,1,93,0
215,1,50,1
216,1,64,3
217,1,61,3
218,1,48,1
219,1,45,1
220,1,88,0
221,1,57,1
222,1,68,3
223,1,94,0
224,1,41,1
225,1,83,0
226,1,22,2
227,1,74,3
228,1,90,0
229,1,79,3
230,1,28,2
231,1,88,0
232,1,26,2
233,1,27,2
234,1,83,0
235,1,39,2
236,1,89,0
237,1,68,3
238,1,90,0
239,1,34,2
240,1,51,1
241,1,45,1
242,1,88,0
243,1,85,0
244,1,100,0
245,1,42,1
246,1,53,1
247,1,86,0
248,1,66,3
249,1,100,0
250,1,47,1
251,1,25,2
252,1,51,1
253,1,41,1
254,1,73,3
255,1,42,1
256,1,20,2
257,1,30,2
258,1,53,1
259,1,74,3
260,1,57,1
261,1,57,1
262,1,77,3
263,1,40,2
264,1,46,1
265,1,78,3
266,1,59,1
267,1,75,3
268,1,54,1
269,1,42,1
270,1,44,1
271,1,52,1
272,1,69,3
273,1,26,2
274,1,33,2
275,1,32,2
276,1,85,0
277,1,30,2
278,1,29,2
279,1,95,0
280,1,69,3
281,1,69,3
282,1,61,3
283,1,94,0
284,1,30,2
285,1,45,1
286,1,39,2
287,1,51,1
288,1,37,2
289,1,62,3
290,1,85,0
291,1,33,2
292,1,26,2
293,1,99,0
294,1,39,2
295,1,20,2
296,1,42,1
297,1,74,3
298,1,26,2
299,1,53,1
300,1,80,3
301,1,98,0
302,1,95,0
303,1,44,1
304,1,60,1
305,1,84,0
306,1,59,1
307,1,49,1
308,1,32,2
309,1,29,2
310,1,22,2
311,1,85,0
312,1,52,1
313,1,89,0
314,1,77,3
315,1,24,2
316,1,24,2
317,1,22,2
318,1,82,0
319,1,67,3
320,1,74,3
321,1,72,3
322,1,36,2
323,1,95,0
324,1,78,3
325,1,82,0
326,1,70,3
327,1,41,1
328,1,42,1
329,1,50,1
330,1,31,2
331,1,51,1
332,1,98,0
333,1,86,0
334,1,64,3
335,1,46,1
336,1,85,0
337,1,81,0
338,1,59,1
339,1,79,3
340,1,33,2
341,1,47,1
342,1,20,2
343,1,36,2
344,1,39,2
345,1,71,3
346,1,59,1
347,1,50,1
348,1,41,1
349,1,59,1
350,1,87,0
351,1,68,3
352,1,90,0
353,1,71,3
354,1,64,3
355,1,76,3
356,1,42,1
357,1,80,3
358,1,56,1
359,1,25,2
360,1,74,3
361,1,30,2
362,1,96,0
363,1,64,3
364,1,88,0
365,1,88,0
366,1,88,0
367,1,36,2
368,1,40,2
369,1,39,2
370,1,40,2
371,1,34,2
372,1,83,0
373,1,85,0
374,1,27,2
375,1,78,3
376,1,32,2
377,1,51,1
378,1,32,2
379,1,62,3
380,1,29,2
381,1,69,3
382,1,25,2
383,1,76,3
384,1,77,3
385,1,33,2
386,1,93,0
387,1,39,2
388,1,93,0
389,1,82,0
390,1,42,1
391,1,71,3
392,1,86,0
393,1,82,0
394,1,65,3
395,1,29,2
396,1,65,3
397,1,88,0
398,1,46,1
399,1,67,3
400,1,35,2
401,1,66,3
402,1,91,0
403,1,78,3
404,1,45,1
405,1,93,0
406,1,74,3
407,1,55,1
408,1,76,3
409,1,66,3
410,1,51,1
411,1,26,2
412,1,29,2
413,1,74,3
414,1,99,0
415,1,88,0
416,1,31,2
417,1,55,1
418,1,81,0
419,1,73,3
420,1,91,0
421,1,54,1
422,1,40,2
423,1,59,1
424,1,26,2
425,1,23,2
426,1,87,0
427,1,71,3
428,1,91,0
429,1,64,3
430,1,94,0
431,1,40,2
432,1,76,3
433,1,86,0
434,1,92,0
435,1,52,1
436,1,28,2
437,1,46,1
438,1,50,1
439,1,23,2
440,1,50,1
441,1,89,0
442,1,81,0
443,1,69,3
444,1,67,3
445,1,20,2
446,1,29,2
447,1,74,3
448,1,82,0
449,1,23,2
450,1,45,1
451,1,21,2
452,1,31,2
453,1,45,1
454,1,56,1
455,1,97,0
456,1,100,0
457,1,96,0
458,1,99,0
459,1,91,0
460,1,30,2
461,1,65,3
462,1,93,0
463,1,81,0
464,1,81,0
465,1,52,1
466,1,88,0
467,1,24,2
468,1,51,1
469,1,38,2
470,1,46,1
471,1,63,3
472,1,72,3
473,1,39,2
474,1,42,1
475,1,76,3
476,1,66,3
477,1,90,0
478,1,56,1
479,1,43,1
480,1,84,0
481,1,88,0
482,1,88,0
483,1,42,1
484,1,73,3
485,1,73,3
486,1,44,1
487,1,63,3
488,1,68,3
489,1,29,2
490,1,85,0
491,1,42,1
492,1,69,3
493,1,62,3
494,1,48,1
495,1,68,3
496,1,36,2
497,1,63,3
498,1,39,2
499,1,78,3
500,1,99,0
501,1,31,2
502,1,45,1
503,1,30,2
504,1,24,2
505,1,22,2
506,1,63,3
507,1,40,2
508,1,20,2
509,1,20,2
510,1,80,3
511,1,87,0
512,1,46,1
513,1,49,1
514,1,65,3
515,1,62,3
516,1,67,3
517,1,41,1
518,1,49,1
519,1,100,0
520,1,54,1
521,1,84,0
522,1,41,1
523,1,88,0
524,1,40,2
525,1,39,2
526,1,37,2
527,1,52,1
528,1,23,2
529,1,88,0
530,1,84,0
531,1,37,2
532,1,51,1
533,1,76,3
534,1,60,1
535,1,72,3
536,1,45,1
537,1,84,0
538,1,49,1
539,1,22,2
540,1,48,1
541,1,37,2
542,1,27,2
543,1,79,3
544,1,98,0
545,1,64,3
546,1,32,2
547,1,74,3
548,1,50,1
549,1,64,3
550,1,29,2
551,1,62,3
552,1,78,3
553,1,94,0
554,1,59,1
555,1,47,1
556,1,57,1
557,1,90,0
558,1,60,1
559,1,77,3
560,1,41,1
561,1,48,1
562,1,65,3
563,1,62,3
564,1,99,0
565,1,58,1
566,1,43,1
567,1,93,0
568,1,50,1
569,1,88,0
570,1,33,2
571,1,99,0
572,1,76,3
573,1,97,0
574,1,68,3
575,1,79,3
576,1,86,0
577,1,68,3
578,1,52,1
579,1,90,0
580,1,41,1
581,1,80,3
582,1,100,0
583,1,77,3
584,1,78,3
585,1,94,0
586,1,23,2
587,1,20,2
588,1,86,0
589,1,60,1
590,1,70,3
591,1,39,2
592,1,37,2
593,1,29,2
594,1,35,2
595,1,83,0
596,1,77,3
597,1,37,2
598,1,69,3
599,1,66,3
600,1,26,2
601,1,63,3
602,1,38,2
603,1,58,1
604,1,46,1
605,1,92,0
606,1,32,2
607,1,90,0
608,1,23,2
609,1,25,2
610,1,54,1
611,1,72,3
612,1,33,2
613,1,43,1
614,1,51,1
615,1,85,0
616,1,100,0
617,1,72,3
618,1,57,1
619,1,94,0
620,1,34,2
621,1,89,0
622,1,27,2
623,1,63,3
624,1,70,3
625,1,87,0
626,1,79,3
627,1,79,3
628,1,44,1
629,1,85,0
630,1,90,0
631,1,94,0
632,1,68,3
633,1,51,1
634,1,33,2
635,1,60,1
636,1,59,1
637,1,30,2
638,1,20,2
639,1,20,2
640,1,24,2
641,1,88,0
642,1,78,3
643,1,25,2
644,1,57,1
645,1,93,0
646,1,42,1
647,1,54,1
648,1,70,3
649,1,31,2
650,1,93,0
651,1,40,2
652,1,32,2
653,1,27,2
654,1,68,3
655,1,59,1
656,1,36,2
657,1,23,2
658,1,80,3
659,1,37,2
660,1,52,1
661,1,79,3
662,1,68,3
663,1,98,0
664,1,83,0
665,1,83,0
666,1,55,1
667,1,26,2
668,1,76,3
669,1,85,0
670,1,89,0
671,1,41,1
672,1,30,2
673,1,53,1
674,1,66,3
675,1,33,2
676,1,86,0
677,1,60,1
678,1,62,3
679,1,74,3
680,1,95,0
681,1,25,2
682,1,59,1
683,1,29,2
684,1,36,2
685,1,82,0
686,1,71,3
687,1,35,2
688,1,38,2
689,1,59,1
690,1,91,0
691,1,68,3
692,1,21,2
693,1,95,0
694,1,52,1
695,1,21,2
696,1,67,3
697,1,42,1
698,1,63,3
699,1,41,1
700,1,46,1
701,1,79,3
702,1,90,0
703,1,71,3
704,1,87,0
705,1,66,3
706,1,90,0
707,1,47,1
708,1,38,2
709,1,50,1
710,1,79,3
711,1,91,0
712,1,60,1
713,1,81,0
714,1,90,0
715,1,70,3
716,1,63,3
717,1,29,2
718,1,90,0
719,1,22,2
720,1,22,2
721,1,62,3
722,1,57,1
723,1,32,2
724,1,53,1
725,1,79,3
726,1,61,3
727,1,78,3
728,1,97,0
729,1,78,3
730,1,56,1
731,1,25,2
732,1,28,2
733,1,57,1
734,1,36,2
735,1,69,3
736,1,48,1
737,1,58,1
738,1,24,2
739,1,31,2
740,1,29,2
741,1,69,3
742,1,79,3
743,1,39,2
744,1,84,0
745,1,66,3
746,1,92,0
747,1,45,1
748,1,74,3
749,1,39,2
750,1,71,3
751,1,95,0
752,1,72,3
753,1,85,0
754,1,54,1
755,1,41,1
756,1,24,2
757,1,99,0
758,1,32,2
759,1,71,3
760,1,49,1
761,1,50,1
762,1,91,0
763,1,46,1
764,1,50,1
765,1,39,2
766,1,99,0
767,1,48,1
768,1,77,3
769,1,95,0
770,1,100,0
771,1,54,1
772,1,68,3
773,1,22,2
774,1,84,0
775,1,46,1
776,1,53,1
777,1,60,1
778,1,32,2
779,1,50,1
780,1,94,0
781,1,26,2
782,1,44,1
783,1,57,1
784,1,65,3
785,1,72,3
786,1,62,3
787,1,21,2
788,1,85,0
789,1,51,1
790,1,84,0
791,1,37,2
792,1,44,1
793,1,45,1
794,1,35,2
795,1,50,1
796,1,26,2
797,1,78,3
798,1,82,0
799,1,39,2
800,1,55,1
801,1,20,2
802,1,29,2
803,1,41,1
804,1,38,2
805,1,47,1
806,1,30,2
807,1,56,1
808,1,89,0
809,1,96,0
810,1,81,0
811,1,83,0
812,1,35,2
813,1,56,1
814,1,45,1
815,1,62,3
816,1,84,0
817,1,24,2
818,1,21,2
819,1,91,0
820,1,36,2
821,1,39,2
822,1,39,2
823,1,59,1
824,1,27,2
825,1,94,0
826,1,94,0
827,1,94,0
828,1,51,1
829,1,62,3
830,1,57,1
831,1,76,3
832,1,63,3
833,1,80,3
834,1,68,3
835,1,89,0
836,1,26,2
837,1,90,0
838,1,28,2
839,1,29,2
840,1,31,2
841,1,24,2
842,1,88,0
843,1,87,0
844,1,80,3
845,1,48,1
846,1,21,2
847,1,72,3
848,1,44,1
849,1,73,3
850,1,61,3
851,1,20,2
852,1,86,0
853,1,60,1
854,1,43,1
855,1,44,1
856,1,76,3
857,1,33,2
858,1,60,1
859,1,26,2
860,1,73,3
861,1,87,0
862,1,100,0
863,1,84,0
864,1,41,1
865,1,59,1
866,1,26,2
867,1,69,3
868,1,20,2
869,1,83,0
870,1,54,1
871,1,66,3
872,1,42,1
873,1,33,2
874,1,77,3
875,1,65,3
876,1,39,2
877,1,51,1
878,1,65,3
879,1,89,0
880,1,76,3
881,1,75,3
882,1,61,3
883,1,35,2
884,1,37,2
885,1,91,0
886,1,99,0
887,1,54,1
888,1,47,1
889,1,77,3
890,1,84,0
891,1,51,1
892,1,26,2
893,1,64,3
894,1,51,1
895,1,60,1
896,1,69,3
897,1,29,2
898,1,91,0
899,1,70,3
900,1,58,1
901,1,98,0
902,1,68,3
903,1,44,1
904,1,45,1
905,1,99,0
906,1,68,3
907,1,56,1
908,1,43,1
909,1,99,0
910,1,56,1
911,1,25,2
912,1,74,3
913,1,56,1
914,1,47,1
915,1,67,3
916,1,22,2
917,1,34,2
918,1,64,3
919,1,42,1
920,1,82,0
921,1,81,0
922,1,24,2
923,1,60,1
924,1,24,2
925,1,78,3
926,1,88,0
927,1,63,3
928,1,78,3
929,1,37,2
930,1,94,0
931,1,78,3
932,1,36,2
933,1,24,2
934,1,84,0
935,1,47,1
936,1,51,1
937,1,84,0
938,1,24,2
939,1,97,0
940,1,89,0
941,1,44,1
942,1,35,2
943,1,91,0
944,1,63,3
945,1,97,0
946,1,38,2
947,1,24,2
948,1,32,2
949,1,90,0
950,1,36,2
951,1,37,2
952,1,51,1
953,1,71,3
954,1,50,1
955,1,74,3
956,1,75,3
957,1,99,0
958,1,23,2
959,1,53,1
960,1,99,0
961,1,48,1
962,1,72,3
963,1,64,3
964,1,63,3
965,1,51,1
966,1,55,1
967,1,55,1
968,1,26,2
969,1,67,3
970,1,31,2
971,1,66,3
972,1,67,3
973,1,61,3
974,1,75,3
975,1,90,0
976,1,40,2
977,1,90,0
978,1,20,2
979,1,40,2
980,1,33,2
981,1,98,0
982,1,42,1
983,1,62,3
984,1,45,1
985,1,78,3
986,1,80,3
987,1,96,0
988,1,47,1
989,1,84,0
990,1,31,2
991,1,63,3
992,1,97,0
993,1,99,0
994,1,90,0
995,1,68,3
996,1,80,3
997,1,91,0
998,1,30,2
999,1,90,0
1000,1,28,2
1001,1,46,1
1002,1,60,1
1003,1,59,1
1004,1,68,3
1005,1,79,3
1006,1,94,0
1007,1,83,0
1008,1,62,3
1009,1,85,0
1010,1,30,2
1011,1,24,2
1012,1,25,2
1013,1,37,2
1014,1,69,3
1015,1,97,0
1016,1,24,2
1017,1,30,2
1018,1,53,1
1019,1,70,3
1020,1,76,3
1021,1,95,0
1022,1,51,1
1023,1,41,1
1024,1,71,3
1025,1,66,3
1026,1,84,0
1027,1,95,0
1028,1,90,0
1029,1,36,2
1030,1,22,2
1031,1,89,0
1032,1,50,1
1033,1,36,2
1034,1,52,1
1035,1,29,2
1036,1,89,0
1037,1,47,1
1038,1,25,2
1039,1,74,3
1040,1,46,1
1041,1,22,2
1042,1,25,2
1043,1,80,3
1044,1,76,3
1045,1,30,2
1046,1,79,3
1047,1,22,2
1048,1,36,2
1049,1,77,3
1050,1,33,2
1051,1,64,3
1052,1,53,1
1053,1,36,2
1054,1,70,3
1055,1,96,0
1056,1,27,2
1057,1,64,3
1058,1,23,2
1059,1,33,2
1060,1,34,2
1061,1,35,2
1062,1,62,3
1063,1,75,3
1064,1,29,2
1065,1,28,2
1066,1,20,2
1067,1,96,0
1068,1,43,1
1069,1,94,0
1070,1,81,0
1071,1,75,3
1072,1,81,0
1073,1,92,0
1074,1,96,0
1075,1,71,3
1076,1,50,1
1077,1,72,3
1078,1,28,2
1079,1,59,1
1080,1,33,2
1081,1,59,1
1082,1,30,2
1083,1,85,0
1084,1,97,0
1085,1,36,2
1086,1,85,0
1087,1,62,3
1088,1,71,3
1089,1,21,2
1090,1,61,3
1091,1,58,1
1092,1,80,3
1093,1,50,1
1094,1,48,1
1095,1,40,2
1096,1,34,2
1097,1,46,1
1098,1,27,2
1099,1,98,0
1100,1,73,3
1101,1,28,2
1102,1,76,3
1103,1,83,0
1104,1,23,2
1105,1,28,2
1106,1,83,0
1107,1,96,0
1108,1,62,3
1109,1,25,2
1110,1,97,0
1111,1,61,3
1112,1,66,3
1113,1,67,3
1114,1,80,3
1115,1,25,2
1116,1,58,1
1117,1,96,0
1118,1,77,3
1119,1,65,3
1120,1,36,2
1121,1,84,0
1122,1,58,1
1123,1,62,3
1124,1,67,3
1125,1,20,2
1126,1,90,0
1127,1,58,1
1128,1,53,1
1129,1,30,2
1130,1,65,3
1131,1,41,1
1132,1,73,3
1133,1,98,0
1134,1,36,2
1135,1,81,0
1136,1,90,0
1137,1,83,0
1138,1,91,0
1139,1,36,2
1140,1,53,1
1141,1,39,2
1142,1,33,2
1143,1,76,3
1144,1,23,2
1145,1,54,1
1146,1,89,0
1147,1,38,2
1148,1,36,2
1149,1,66,3
1150,1,42,1
1151,1,36,2
1152,1,86,0
1153,1,49,1
1154,1,41,1
1155,1,82,0
1156,1,53,1
1157,1,21,2
1158,1,66,3
1159,1,89,0
1160,1,55,1
1161,1,42,1
1162,1,52,1
1163,1,92,0
1164,1,56,1
1165,1,96,0
1166,1,64,3
1167,1,48,1
1168,1,83,0
1169,1,91,0
1170,1,94,0
1171,1,62,3
1172,1,55,1
1173,1,68,3
1174,1,76,3
1175,1,31,2
1176,1,81,0
1177,1,83,0
1178,1,21,2
1179,1,22,2
1180,1,33,2
1181,1,23,2
1182,1,96,0
1183,1,21,2
1184,1,39,2
1185,1,73,3
1186,1,64,3
1187,1,68,3
1188,1,89,0
1189,1,29,2
1190,1,97,0
1191,1,45,1
1192,1,70,3
1193,1,56,1
1194,1,55,1
1195,1,46,1
1196,1,95,0
1197,1,88,0
1198,1,92,0
1199,1,49,1
1200,1,89,0
1201,1,22,2
1202,1,61,3
1203,1,29,2
1204,1,82,0
1205,1,94,0
1206,1,99,0
1207,1,59,1
1208,1,90,0
1209,1,100,0
1210,1,62,3
1211,1,78,3
1212,1,94,0
1213,1,74,3
1214,1,52,1
1215,1,81,0
1216,1,20,2
1217,1,32,2
1218,1,63,3
1219,1,79,3
1220,1,23,2
1221,1,64,3
1222,1,69,3
1223,1,69,3
1224,1,24,2
1225,1,50,1
1226,1,97,0
1227,1,91,0
1228,1,37,2
1229,1,55,1
1230,1,52,1
1231,1,80,3
1232,1,79,3
1233,1,23,2
1234,1,73,3
1235,1,99,0
1236,1,22,2
1237,1,68,3
1238,1,92,0
1239,1,77,3
1240,1,37,2
1241,1,79,3
1242,1,51,1
1243,1,27,2
1244,1,23,2
1245,1,76,3
1246,1,31,2
1247,1,60,1
1248,1,99,0
1249,1,37,2
1250,1,50,1
1251,1,26,2
1252,1,86,0
1253,1,41,1
1254,1,23,2
1255,1,56,1
1256,1,68,3
1257,1,48,1
1258,1,67,3
1259,1,87,0
1260,1,64,3
1261,1,93,0
1262,1,29,2
1263,1,62,3
1264,1,70,3
1265,1,92,0
1266,1,79,3
1267,1,31,2
1268,1,83,0
1269,1,88,0
1270,1,53,1
1271,1,98,0
1272,1,57,1
1273,1,80,3
1274,1,29,2
1275,1,73,3
1276,1,32,2
1277,1,68,3
1278,1,97,0
1279,1,98,0
1280,1,56,1
1281,1,78,3
1282,1,81,0
1283,1,68,3
1284,1,94,0
1285,1,93,0
1286,1,99,0
1287,1,49,1
1288,1,28,2
1289,1,93,0
1290,1,24,2
1291,1,35,2
1292,1,68,3
1293,1,61,3
1294,1,74,3
1295,1,64,3
1296,1,60,1
1297,1,29,2
1298,1,85,0
1299,1,81,0
1300,1,23,2
1301,1,100,0
1302,1,54,1
1303,1,25,2
1304,1,32,2
1305,1,63,3
1306,1,56,1
1307,1,33,2
1308,1,32,2
1309,1,38,2
1310,1,21,2
1311,1,59,1
1312,1,87,0
1313,1,79,3
1314,1,28,2
1315,1,67,3
1316,1,75,3
1317,1,32,2
1318,1,43,1
1319,1,93,0
1320,1,24,2
1321,1,31,2
1322,1,84,0
1323,1,74,3
1324,1,62,3
1325,1,77,3
1326,1,73,3
1327,1,50,1
1328,1,40,2
1329,1,97,0
1330,1,63,3
1331,1,65,3
1332,1,91,0
1333,1,60,1
1334,1,69,3
1335,1,52,1
1336,1,49,1
1337,1,85,0
1338,1,86,0
1339,1,51,1
1340,1,56,1
1341,1,72,3
1342,1,27,2
1343,1,43,1
1344,1,56,1
1345,1,37,2
1346,1,21,2
1347,1,91,0
1348,1,95,0
1349,1,54,1
1350,1,36,2
1351,1,71,3
1352,1,31,2
1353,1,89,0
1354,1,83,0
1355,1,42,1
1356,1,91,0
1357,1,61,3
1358,1,66,3
1359,1,22,2
1360,1,68,3
1361,1,43,1
1362,1,32,2
1363,1,46,1
1364,1,90,0
1365,1,75,3
1366,1,69,3
1367,1,40,2
1368,1,63,3
1369,1,36,2
1370,1,75,3
1371,1,67,3
1372,1,64,3
1373,1,61,3
1374,1,40,2
1375,1,97,0
1376,1,31,2
1377,1,65,3
1378,1,54,1
1379,1,49,1
1380,1,64,3
1381,1,35,2
1382,1,86,0
1383,1,55,1
1384,1,58,1
1385,1,96,0
1386,1,64,3
1387,1,56,1
1388,1,85,0
1389,1,23,2
1390,1,72,3
1391,1,38,2
1392,1,29,2
1393,1,46,1
1394,1,58,1
1395,1,43,1
1396,1,32,2
1397,1,30,2
1398,1,67,3
1399,1,45,1
1400,1,81,0
1401,1,23,2
1402,1,59,1
1403,1,21,2
1404,1,20,2
1405,1,28,2
1406,1,100,0
1407,1,46,1
1408,1,61,3
1409,1,58,1
1410,1,50,1
1411,1,93,0
1412,1,24,2
1413,1,100,0
1414,1,79,3
1415,1,51,1
1416,1,90,0
1417,1,56,1
1418,1,25,2
1419,1,75,3
1420,1,75,3
1421,1,53,1
1422,1,100,0
1423,1,27,2
1424,1,60,1
1425,1,23,2
1426,1,40,2
1427,1,38,2
1428,1,90,0
1429,1,97,0
1430,1,38,2
1431,1,30,2
1432,1,88,0
1433,1,33,2
1434,1,60,1
1435,1,64,3
1436,1,95,0
1437,1,83,0
1438,1,97,0
1439,1,38,2
1440,1,48,1
1441,1,76,3
1442,1,25,2
1443,1,92,0
1444,1,47,1
1445,1,36,2
1446,1,51,1
1447,1,35,2
1448,1,57,1
1449,1,95,0
1450,1,41,1
1451,1,44,1
1452,1,34,2
1453,1,25,2
1454,1,93,0
1455,1,50,1
1456,1,79,3
1457,1,100,0
1458,1,57,1
1459,1,28,2
1460,1,35,2
1461,1,85,0
1462,1,95,0
1463,1,90,0
1464,1,49,1
1465,1,92,0
1466,1,72,3
1467,1,71,3
1468,1,27,2
1469,1,39,2
1470,1,98,0
1471,1,27,2
1472,1,71,3
1473,1,24,2
1474,1,63,3
1475,1,72,3
1476,1,61,3
1477,1,56,1
1478,1,32,2
1479,1,23,2
1480,1,100,0
1481,1,74,3
1482,1,33,2
1483,1,67,3
1484,1,61,3
1485,1,46,1
1486,1,56,1
1487,1,73,3
1488,1,44,1
1489,1,44,1
1490,1,26,2
1491,1,52,1
1492,1,54,1
1493,1,38,2
1494,1,44,1
1495,1,76,3
1496,1,23,2
1497,1,98,0
1498,1,33,2
1499,1,32,2
1500,1,85,0
1501,1,69,3
1502,1,55,1
1503,1,66,3
1504,1,30,2
1505,1,80,3
1506,1,20,2
1507,1,30,2
1508,1,86,0
1509,1,84,0
1510,1,54,1
1511,1,30,2
1512,1,91,0
1513,1,23,2
1514,1,35,2
1515,1,90,0
1516,1,93,0
1517,1,68,3
1518,1,41,1
1519,1,73,3
1520,1,73,3
1521,1,66,3
1522,1,59,1
1523,1,72,3
1524,1,88,0
1525,1,76,3
1526,1,31,2
1527,1,22,2
1528,1,75,3
1529,1,75,3
1530,1,63,3
1531,1,21,2
1532,1,83,0
1533,1,46,1
1534,1,59,1
1535,1,66,3
1536,1,74,3
1537,1,82,0
1538,1,89,0
1539,1,65,3
1540,1,55,1
1541,1,95,0
1542,1,77,3
1543,1,44,1
1544,1,89,0
1545,1,24,2
1546,1,43,1
1547,1,51,1
1548,1,46,1
1549,1,32,2
1550,1,55,1
1551,1,26,2
1552,1,29,2
1553,1,49,1
1554,1,45,1
1555,1,48,1
1556,1,47,1
1557,1,57,1
1558,1,34,2
1559,1,75,3
1560,1,94,0
1561,1,84,0
1562,1,38,2
1563,1,75,3
1564,1,44,1
1565,1,33,2
1566,1,93,0
1567,1,99,0
1568,1,33,2
1569,1,76,3
1570,1,63,3
1571,1,41,1
1572,1,88,0
1573,1,92,0
1574,1,31,2
1575,1,25,2
1576,1,28,2
1577,1,75,3
1578,1,34,2
1579,1,97,0
1580,1,80,3
1581,1,71,3
1582,1,77,3
1583,1,41,1
1584,1,92,0
1585,1,95,0
1586,1,25,2
1587,1,77,3
1588,1,99,0
1589,1,24,2
1590,1,72,3
1591,1,80,3
1592,1,100,0
1593,1,83,0
1594,1,95,0
1595,1,41,1
1596,1,35,2
1597,1,30,2
1598,1,21,2
1599,1,85,0
1600,1,54,1
1601,1,26,2
1602,1,59,1
1603,1,48,1
1604,1,98,0
1605,1,92,0
1606,1,46,1
1607,1,21,2
1608,1,72,3
1609,1,58,1
1610,1,93,0
1611,1,31,2
1612,1,26,2
1613,1,68,3
1614,1,31,2
1615,1,41,1
1616,1,62,3
1617,1,41,1
1618,1,64,3
1619,1,72,3
1620,1,78,3
1621,1,47,1
1622,1,46,1
1623,1,43,1
1624,1,58,1
1625,1,32,2
1626,1,45,1
1627,1,35,2
1628,1,21,2
1629,1,64,3
1630,1,88,0
1631,1,48,1
1632,1,36,2
1633,1,28,2
1634,1,80,3
1635,1,23,2
1636,1,24,2
1637,1,22,2
1638,1,21,2
1639,1,51,1
1640,1,65,3
1641,1,51,1
1642,1,32,2
1643,1,70,3
1644,1,77,3
1645,1,90,0
1646,1,36,2
1647,1,77,3
1648,1,78,3
1649,1,69,3
1650,1,63,3
1651,1,36,2
1652,1,80,3
1653,1,35,2
1654,1,93,0
1655,1,25,2
1656,1,81,0
1657,1,42,1
1658,1,36,2
1659,1,66,3
1660,1,37,2
1661,1,45,1
1662,1,86,0
1663,1,24,2
1664,1,22,2
1665,1,53,1
1666,1,41,1
1667,1,64,3
1668,1,40,2
1669,1,33,2
1670,1,59,1
1671,1,73,3
1672,1,22,2
1673,1,73,3
1674,1,62,3
1675,1,56,1
1676,1,90,0
1677,1,44,1
1678,1,35,2
1679,1,71,3
1680,1,52,1
1681,1,37,2
1682,1,95,0
1683,1,97,0
1684,1,57,1
1685,1,93,0
1686,1,48,1
1687,1,75,3
1688,1,70,3
1689,1,26,2
1690,1,73,3
1691,1,30,2
1692,1,61,3
1693,1,75,3
1694,1,88,0
1695,1,67,3
1696,1,95,0
1697,1,69,3
1698,1,87,0
1699,1,41,1
1700,1,67,3
1701,1,70,3
1702,1,41,1
1703,1,83,0
1704,1,22,2
1705,1,20,2
1706,1,29,2
1707,1,87,0
1708,1,81,0
1709,1,58,1
1710,1,83,0
1711,1,59,1
1712,1,93,0
1713,1,87,0
1714,1,22,2
1715,1,71,3
1716,1,69,3
1717,1,47,1
1718,1,50,1
1719,1,96,0
1720,1,39,2
1721,1,84,0
1722,1,28,2
1723,1,51,1
1724,1,20,2
1725,1,72,3
1726,1,33,2
1727,1,28,2
1728,1,53,1
1729,1,48,1
1730,1,21,2
1731,1,22,2
1732,1,87,0
1733,1,50,1
1734,1,85,0
1735,1,98,0
1736,1,34,2
1737,1,61,3
1738,1,98,0
1739,1,61,3
1740,1,98,0
1741,1,21,2
1742,1,51,1
1743,1,80,3
1744,1,72,3
1745,1,63,3
1746,1,27,2
1747,1,44,1
1748,1,23,2
1749,1,93,0
1750,1,70,3
1751,1,85,0
1752,1,40,2
1753,1,29,2
1754,1,27,2
1755,1,93,0
1756,1,20,2
1757,1,55,1
1758,1,94,0
1759,1,56,1
1760,1,58,1
1761,1,44,1
1762,1,95,0
1763,1,42,1
1764,1,93,0
1765,1,56,1
1766,1,88,0
1767,1,54,1
1768,1,89,0
1769,1,45,1
1770,1,75,3
1771,1,22,2
1772,1,82,0
1773,1,34,2
1774,1,92,0
1775,1,78,3
1776,1,47,1
1777,1,64,3
1778,1,44,1
1779,1,94,0
1780,1,62,3
1781,1,81,0
1782,1,33,2
1783,1,88,0
1784,1,49,1
1785,1,31,2
1786,1,29,2
1787,1,34,2
1788,1,38,2
1789,1,41,1
1790,1,34,2
1791,1,26,2
1792,1,98,0
1793,1,59,1
1794,1,92,0
1795,1,40,2
1796,1,20,2
1797,1,35,2
1798,1,35,2
1799,1,82,0
1800,1,48,1
1801,1,58,1
1802,1,57,1
1803,1,96,0
1804,1,97,0
1805,1,42,1
1806,1,62,3
1807,1,67,3
1808,1,46,1
1809,1,71,3
1810,1,99,0
1811,1,28,2
1812,1,77,3
1813,1,63,3
1814,1,62,3
1815,1,92,0
1816,1,72,3
1817,1,79,3
1818,1,27,2
1819,1,39,2
1820,1,86,0
1821,1,94,0
1822,1,53,1
1823,1,85,0
1824,1,50,1
1825,1,47,1
1826,1,75,3
1827,1,60,1
1828,1,36,2
1829,1,80,3
1830,1,96,0
1831,1,80,3
1832,1,71,3
1833,1,29,2
1834,1,53,1
1835,1,35,2
1836,1,75,3
1837,1,52,1
1838,1,77,3
1839,1,24,2
1840,1,78,3
1841,1,98,0
1842,1,57,1
1843,1,78,3
1844,1,76,3
1845,1,26,2
1846,1,78,3
1847,1,53,1
1848,1,100,0
1849,1,73,3
1850,1,40,2
1851,1,76,3
1852,1,80,3
1853,1,80,3
1854,1,67,3
1855,1,61,3
1856,1,76,3
1857,1,55,1
1858,1,85,0
1859,1,69,3
1860,1,26,2
1861,1,64,3
1862,1,60,1
1863,1,36,2
1864,1,21,2
1865,1,72,3
1866,1,62,3
1867,1,44,1
1868,1,52,1
1869,1,58,1
1870,1,77,3
1871,1,99,0
1872,1,96,0
1873,1,64,3
1874,1,44,1
1875,1,33,2
1876,1,71,3
1877,1,36,2
1878,1,62,3
1879,1,29,2
1880,1,33,2
1881,1,33,2
1882,1,41,1
1883,1,54,1
1884,1,58,1
1885,1,30,2
1886,1,53,1
1887,1,91,0
1888,1,44,1
1889,1,89,0
1890,1,57,1
1891,1,57,1
1892,1,74,3
1893,1,30,2
1894,1,20,2
1895,1,90,0
1896,1,61,3
1897,1,51,1
1898,1,97,0
1899,1,97,0
1900,1,40,2
1901,1,85,0
1902,1,76,3
1903,1,22,2
1904,1,63,3
1905,1,71,3
1906,1,35,2
1907,1,30,2
1908,1,74,3
1909,1,71,3
1910,1,84,0
1911,1,38,2
1912,1,81,0
1913,1,56,1
1914,1,48,1
1915,1,97,0
1916,1,74,3
1917,1,50,1
1918,1,71,3
1919,1,33,2
1920,1,56,1
1921,1,84,0
1922,1,36,2
1923,1,63,3
1924,1,36,2
1925,1,63,3
1926,1,32,2
1927,1,93,0
1928,1,29,2
1929,1,92,0
1930,1,33,2
1931,1,52,1
1932,1,42,1
1933,1,36,2
1934,1,67,3
1935,1,43,1
1936,1,68,3
1937,1,60,1
1938,1,53,1
1939,1,23,2
1940,1,57,1
1941,1,89,0
1942,1,99,0
1943,1,28,2
1944,1,53,1
1945,1,45,1
1946,1,38,2
1947,1,49,1
1948,1,32,2
1949,1,37,2
1950,1,80,3
1951,1,78,3
1952,1,53,1
1953,1,82,0
1954,1,33,2
1955,1,77,3
1956,1,56,1
1957,1,37,2
1958,1,54,1
1959,1,67,3
1960,1,90,0
1961,1,72,3
1962,1,59,1
1963,1,45,1
1964,1,30,2
1965,1,51,1
1966,1,90,0
1967,1,95,0
1968,1,81,0
1969,1,70,3
1970,1,32,2
1971,1,94,0
1972,1,29,2
1973,1,31,2
1974,1,20,2
1975,1,44,1
1976,1,77,3
1977,1,51,1
1978,1,49,1
1979,1,78,3
1980,1,98,0
1981,1,94,0
1982,1,91,0
1983,1,77,3
1984,1,97,0
1985,1,58,1
1986,1,97,0
1987,1,48,1
1988,1,23,2
1989,1,79,3
1990,1,42,1
1991,1,95,0
1992,1,29,2
1993,1,98,0
1994,1,96,0
1995,1,66,3
1996,1,80,3
1997,1,27,2
1998,1,25,2
1999,1,45,1
2000,1,89,0
2001,1,27,2
2002,1,90,0
2003,1,65,3
2004,1,72,3
2005,1,70,3
2006,1,82,0
2007,1,97,0
2008,1,25,2
2009,1,48,1
2010,1,99,0
2011,1,21,2
2012,1,94,0
2013,1,53,1
2014,1,70,3
2015,1,26,2
2016,1,82,0
2017,1,47,1
2018,1,32,2
2019,1,97,0
2020,1,68,3
2021,1,23,2
2022,1,33,2
2023,1,38,2
2024,1,68,3
2025,1,23,2
2026,1,29,2
2027,1,35,2
2028,1,73,3
2029,1,84,0
2030,1,23,2
2031,1,67,3
2032,1,51,1
2033,1,36,2
2034,1,55,1
2035,1,30,2
2036,1,70,3
2037,1,63,3
2038,1,87,0
2039,1,70,3
2040,1,51,1
2041,1,25,2
2042,1,32,2
2043,1,52,1
2044,1,33,2
2045,1,68,3
2046,1,20,2
2047,1,32,2
2048,1,82,0
2049,1,64,3
2050,1,24,2
2051,1,96,0
2052,1,94,0
2053,1,48,1
2054,1,60,1
2055,1,56,1
2056,1,33,2
2057,1,46,1
2058,1,37,2
2059,1,98,0
2060,1,50,1
2061,1,63,3
2062,1,70,3
2063,1,63,3
2064,1,86,0
2065,1,99,0
2066,1,40,2
2067,1,92,0
2068,1,21,2
2069,1,81,0
2070,1,82,0
2071,1,88,0
2072,1,100,0
2073,1,66,3
2074,1,25,2
2075,1,53,1
2076,1,28,2
2077,1,23,2
2078,1,34,2
2079,1,42,1
2080,1,24,2
2081,1,47,1
2082,1,78,3
2083,1,89,0
2084,1,59,1
2085,1,94,0
2086,1,49,1
2087,1,89,0
2088,1,91,0
2089,1,89,0
2090,1,57,1
2091,1,71,3
2092,1,97,0
2093,1,45,1
2094,1,91,0
2095,1,25,2
2096,1,63,3
2097,1,52,1
2098,1,43,1
2099,1,28,2
2100,1,78,3
2101,1,31,2
2102,1,23,2
2103,1,25,2
2104,1,86,0
2105,1,88,0
2106,1,35,2
2107,1,34,2
2108,1,75,3
2109,1,46,1
2110,1,31,2
2111,1,93,0
2112,1,85,0
2113,1,68,3
2114,1,40,2
2115,1,51,1
2116,1,85,0
2117,1,23,2
2118,1,28,2
2119,1,44,1
2120,1,57,1
2121,1,98,0
2122,1,68,3
2123,1,36,2
2124,1,71,3
2125,1,60,1
2126,1,87,0
2127,1,38,2
2128,1,45,1
2129,1,47,1
2130,1,57,1
2131,1,68,3
2132,1,52,1
2133,1,87,0
2134,1,34,2
2135,1,41,1
2136,1,94,0
2137,1,93,0
2138,1,51,1
2139,1,42,1
2140,1,95,0
2141,1,90,0
2142,1,98,0
2143,1,39,2
2144,1,66,3
2145,1,23,2
2146,1,73,3
2147,1,23,2
2148,1,43,1
2149,1,45,1
2150,1,21,2
2151,1,40,2
2152,1,58,1
2153,1,48,1
2154,1,94,0
2155,1,74,3
2156,1,51,1
2157,1,83,0
2158,1,68,3
2159,1,84,0
2160,1,58,1
2161,1,92,0
2162,1,69,3
2163,1,48,1
2164,1,60,1
2165,1,20,2
2166,1,55,1
2167,1,88,0
2168,1,48,1
2169,1,74,3
2170,1,42,1
2171,1,32,2
2172,1,98,0
2173,1,89,0
2174,1,97,0
2175,1,49,1
2176,1,50,1
2177,1,91,0
2178,1,93,0
2179,1,98,0
2180,1,82,0
2181,1,37,2
2182,1,63,3
2183,1,99,0
2184,1,37,2
2185,1,34,2
2186,1,32,2
2187,1,23,2
2188,1,78,3
2189,1,54,1
2190,1,94,0
2191,1,75,3
2192,1,69,3
2193,1,35,2
2194,1,78,3
2195,1,29,2
2196,1,62,3
2197,1,58,1
2198,1,88,0
2199,1,80,3
2200,1,47,1
2201,1,51,1
2202,1,25,2
2203,1,36,2
2204,1,79,3
2205,1,41,1
2206,1,68,3
2207,1,51,1
2208,1,38,2
2209,1,46,1
2210,1,20,2
2211,1,25,2
2212,1,89,0
2213,1,77,3
2214,1,94,0
2215,1,100,0
2216,1,96,0
2217,1,36,2
2218,1,27,2
2219,1,67,3
2220,1,91,0
2221,1,62,3
2222,1,88,0
2223,1,66,3
2224,1,65,3
2225,1,25,2
2226,1,64,3
2227,1,72,3
2228,1,74,3
2229,1,50,1
2230,1,97,0
2231,1,36,2
2232,1,49,1
2233,1,64,3
2234,1,31,2
2235,1,66,3
2236,1,82,0
2237,1,88,0
2238,1,34,2
2239,1,84,0
2240,1,96,0
2241,1,71,3
2242,1,77,3
2243,1,66,3
2244,1,21,2
2245,1,37,2
2246,1,90,0
2247,1,96,0
2248,1,37,2
2249,1,66,3
2250,1,45,1
2251,1,89,0
2252,1,94,0
2253,1,96,0
2254,1,31,2
2255,1,79,3
2256,1,39,2
2257,1,22,2
2258,1,32,2
2259,1,71,3
2260,1,96,0
2261,1,82,0
2262,1,76,3
2263,1,22,2
2264,1,40,2
2265,1,92,0
2266,1,94,0
2267,1,44,1
2268,1,49,1
2269,1,26,2
2270,1,38,2
2271,1,72,3
2272,1,99,0
2273,1,38,2
2274,1,96,0
2275,1,27,2
2276,1,24,2
2277,1,82,0
2278,1,56,1
2279,1,25,2
2280,1,67,3
2281,1,21,2
2282,1,27,2
2283,1,97,0
2284,1,45,1
2285,1,63,3
2286,1,100,0
2287,1,38,2
2288,1,45,1
2289,1,91,0
2290,1,82,0
2291,1,48,1
2292,1,30,2
2293,1,34,2
2294,1,68,3
2295,1,95,0
2296,1,22,2
2297,1,88,0
2298,1,83,0
2299,1,87,0
2300,1,57,1
2301,1,88,0
2302,1,20,2
2303,1,39,2
2304,1,71,3
2305,1,73,3
2306,1,63,3
2307,1,78,3
2308,1,96,0
2309,1,81,0
2310,1,95,0
2311,1,68,3
2312,1,28,2
2313,1,30,2
2314,1,31,2
2315,1,95,0
2316,1,79,3
2317,1,39,2
2318,1,34,2
2319,1,28,2
2320,1,38,2
2321,1,55,1
2322,1,31,2
2323,1,84,0
2324,1,93,0
2325,1,28,2
2326,1,55,1
2327,1,63,3
2328,1,94,0
2329,1,36,2
2330,1,97,0
2331,1,63,3
2332,1,77,3
2333,1,53,1
2334,1,77,3
2335,1,79,3
2336,1,37,2
2337,1,94,0
2338,1,76,3
2339,1,68,3
2340,1,65,3
2341,1,24,2
2342,1,31,2
2343,1,89,0
2344,1,49,1
2345,1,92,0
2346,1,32,2
2347,1,67,3
2348,1,64,3
2349,1,84,0
2350,1,34,2
2351,1,26,2
2352,1,50,1
2353,1,46,1
2354,1,71,3
2355,1,78,3
2356,1,35,2
2357,1,58,1
2358,1,67,3
2359,1,93,0
2360,1,81,0
2361,1,80,3
2362,1,64,3
2363,1,41,1
2364,1,79,3
2365,1,60,1
2366,1,91,0
2367,1,66,3
2368,1,85,0
2369,1,38,2
2370,1,23,2
2371,1,71,3
2372,1,25,2
2373,1,39,2
2374,1,20,2
2375,1,73,3
2376,1,63,3
2377,1,94,0
2378,1,94,0
2379,1,71,3
2380,1,77,3
2381,1,66,3
2382,1,23,2
2383,1,60,1
2384,1,72,3
2385,1,35,2
2386,1,31,2
2387,1,33,2
2388,1,95,0
2389,1,68,3
2390,1,87,0
2391,1,64,3
2392,1,74,3
2393,1,62,3
2394,1,97,0
2395,1,47,1
2396,1,83,0
2397,1,82,0
2398,1,26,2
2399,1,81,0
2400,1,44,1
2401,1,88,0
2402,1,76,3
2403,1,89,0
2404,1,22,2
2405,1,33,2
2406,1,97,0
2407,1,57,1
2408,1,38,2
2409,1,55,1
2410,1,37,2
2411,1,43,1
2412,1,96,0
2413,1,51,1
2414,1,95,0
2415,1,26,2
2416,1,34,2
2417,1,83,0
2418,1,24,2
2419,1,69,3
2420,1,40,2
2421,1,87,0
2422,1,46,1
2423,1,82,0
2424,1,81,0
2425,1,57,1
2426,1,49,1
2427,1,42,1
2428,1,26,2
2429,1,38,2
2430,1,57,1
2431,1,100,0
2432,1,73,3
2433,1,66,3
2434,1,73,3
2435,1,45,1
2436,1,27,2
2437,1,24,2
2438,1,59,1
2439,1,20,2
2440,1,44,1
2441,1,90,0
2442,1,36,2
2443,1,95,0
2444,1,30,2
2445,1,65,3
2446,1,96,0
2447,1,65,3
2448,1,47,1
2449,1,25,2
2450,1,56,1
2451,1,76,3
2452,1,60,1
2453,1,67,3
2454,1,95,0
2455,1,72,3
2456,1,98,0
2457,1,83,0
2458,1,37,2
2459,1,85,0
2460,1,36,2
2461,1,36,2
2462,1,86,0
2463,1,99,0
2464,1,21,2
2465,1,84,0
2466,1,63,3
2467,1,84,0
2468,1,72,3
2469,1,21,2
2470,1,92,0
2471,1,72,3
2472,1,83,0
2473,1,73,3
2474,1,98,0
2475,1,76,3
2476,1,43,1
2477,1,60,1
2478,1,40,2
2479,1,93,0
2480,1,98,0
2481,1,91,0
2482,1,92,0
2483,1,87,0
2484,1,96,0
2485,1,97,0
2486,1,55,1
2487,1,58,1
2488,1,21,2
2489,1,82,0
2490,1,34,2
2491,1,78,3
2492,1,47,1
2493,1,96,0
2494,1,23,2
2495,1,27,2
2496,1,37,2
2497,1,79,3
2498,1,40,2
2499,1,39,2
2500,1,73,3
2501,1,84,0
2502,1,94,0
2503,1,47,1
2504,1,77,3
2505,1,94,0
2506,1,75,3
2507,1,82,0
2508,1,36,2
2509,1,90,0
2510,1,48,1
2511,1,42,1
2512,1,33,2
2513,1,63,3
2514,1,53,1
2515,1,37,2
2516,1,92,0
2517,1,73,3
2518,1,38,2
2519,1,51,1
2520,1,90,0
2521,1,56,1
2522,1,33,2
2523,1,53,1
2524,1,24,2
2525,1,59,1
2526,1,72,3
2527,1,28,2
2528,1,36,2
2529,1,47,1
2530,1,62,3
2531,1,98,0
2532,1,28,2
2533,1,86,0
2534,1,46,1
2535,1,42,1
2536,1,80,3
2537,1,39,2
2538,1,49,1
2539,1,32,2
2540,1,73,3
2541,1,42,1
2542,1,58,1
2543,1,22,2
2544,1,56,1
2545,1,70,3
2546,1,50,1
2547,1,21,2
2548,1,97,0
2549,1,63,3
2550,1,60,1
2551,1,52,1
2552,1,32,2
2553,1,48,1
2554,1,25,2
2555,1,68,3
2556,1,74,3
2557,1,88,0
2558,1,23,2
2559,1,32,2
2560,1,71,3
2561,1,62,3
2562,1,20,2
2563,1,62,3
2564,1,81,0
2565,1,90,0
2566,1,43,1
2567,1,38,2
2568,1,25,2
2569,1,98,0
2570,1,75,3
2571,1,27,2
2572,1,27,2
2573,1,42,1
2574,1,90,0
2575,1,63,3
2576,1,96,0
2577,1,40,2
2578,1,39,2
2579,1,48,1
2580,1,20,2
2581,1,29,2
2582,1,81,0
2583,1,98,0
2584,1,93,0
2585,1,30,2
2586,1,37,2
2587,1,28,2
2588,1,29,2
2589,1,49,1
2590,1,53,1
2591,1,66,3
2592,1,61,3
2593,1,23,2
2594,1,36,2
2595,1,81,0
2596,1,56,1
2597,1,78,3
2598,1,25,2
2599,1,86,0
2600,1,99,0
2601,1,83,0
2602,1,33,2
2603,1,44,1
2604,1,58,1
2605,1,54,1
2606,1,93,0
2607,1,98,0
2608,1,36,2
2609,1,68,3
2610,1,95,0
2611,1,93,0
2612,1,99,0
2613,1,22,2
2614,1,88,0
2615,1,65,3
2616,1,62,3
2617,1,55,1
2618,1,97,0
2619,1,77,3
2620,1,40,2
2621,1,23,2
2622,1,46,1
2623,1,75,3
2624,1,76,3
2625,1,59,1
2626,1,51,1
2627,1,46,1
2628,1,26,2
2629,1,51,1
2630,1,44,1
2631,1,82,0
2632,1,44,1
2633,1,27,2
2634,1,90,0
2635,1,58,1
2636,1,80,3
2637,1,40,2
2638,1,23,2
2639,1,34,2
2640,1,35,2
2641,1,75,3
2642,1,60,1
2643,1,87,0
2644,1,41,1
2645,1,83,0
2646,1,81,0
2647,1,56,1
2648,1,58,1
2649,1,84,0
2650,1,21,2
2651,1,35,2
2652,1,43,1
2653,1,20,2
2654,1,36,2
2655,1,70,3
2656,1,83,0
2657,1,76,3
2658,1,81,0
2659,1,47,1
2660,1,35,2
2661,1,85,0
2662,1,96,0
2663,1,98,0
2664,1,52,1
2665,1,84,0
2666,1,71,3
2667,1,95,0
2668,1,47,1
2669,1,75,3
2670,1,28,2
2671,1,44,1
2672,1,64,3
2673,1,28,2
2674,1,21,2
2675,1,41,1
2676,1,38,2
2677,1,77,3
2678,1,43,1
2679,1,91,0
2680,1,68,3
2681,1,37,2
2682,1,23,2
2683,1,65,3
2684,1,30,2
2685,1,45,1
2686,1,25,2
2687,1,72,3
2688,1,75,3
2689,1,63,3
2690,1,35,2
2691,1,32,2
2692,1,25,2
2693,1,90,0
2694,1,70,3
2695,1,27,2
2696,1,92,0
2697,1,20,2
2698,1,52,1
2699,1,57,1
2700,1,96,0
2701,1,68,3
2702,1,30,2
2703,1,37,2
2704,1,42,1
2705,1,54,1
2706,1,81,0
2707,1,40,2
2708,1,88,0
2709,1,94,0
2710,1,54,1
2711,1,51,1
2712,1,22,2
2713,1,95,0
2714,1,57,1
2715,1,45,1
2716,1,92,0
2717,1,40,2
2718,1,62,3
2719,1,90,0
2720,1,82,0
2721,1,52,1
2722,1,70,3
2723,1,83,0
2724,1,49,1
2725,1,91,0
2726,1,99,0
2727,1,92,0
2728,1,87,0
2729,1,28,2
2730,1,71,3
2731,1,32,2
2732,1,33,2
2733,1,75,3
2734,1,83,0
2735,1,93,0
2736,1,29,2
2737,1,25,2
2738,1,76,3
2739,1,81,0
2740,1,80,3
2741,1,70,3
2742,1,81,0
2743,1,86,0
2744,1,94,0
2745,1,66,3
2746,1,98,0
2747,1,25,2
2748,1,62,3
2749,1,98,0
2750,1,53,1
2751,1,66,3
2752,1,52,1
2753,1,64,3
2754,1,59,1
2755,1,61,3
2756,1,97,0
2757,1,23,2
2758,1,98,0
2759,1,98,0
2760,1,59,1
2761,1,82,0
2762,1,82,0
2763,1,41,1
2764,1,52,1
2765,1,41,1
2766,1,70,3
2767,1,91,0
2768,1,95,0
2769,1,25,2
2770,1,89,0
2771,1,44,1
2772,1,52,1
2773,1,94,0
2774,1,98,0
2775,1,40,2
2776,1,25,2
2777,1,62,3
2778,1,24,2
2779,1,57,1
2780,1,66,3
2781,1,70,3
2782,1,39,2
2783,1,34,2
2784,1,38,2
2785,1,70,3
2786,1,80,3
2787,1,51,1
2788,1,79,3
2789,1,92,0
2790,1,85,0
2791,1,63,3
2792,1,60,1
2793,1,44,1
2794,1,57,1
2795,1,24,2
2796,1,35,2
2797,1,73,3
2798,1,42,1
2799,1,20,2
2800,1,89,0
2801,1,76,3
2802,1,56,1
2803,1,100,0
2804,1,44,1
2805,1,76,3
2806,1,97,0
2807,1,39,2
2808,1,100,0
2809,1,62,3
2810,1,98,0
2811,1,31,2
2812,1,89,0
2813,1,91,0
2814,1,50,1
2815,1,32,2
2816,1,67,3
2817,1,28,2
2818,1,65,3
2819,1,73,3
2820,1,27,2
2821,1,89,0
2822,1,72,3
2823,1,37,2
2824,1,63,3
2825,1,90,0
2826,1,62,3
2827,1,43,1
2828,1,96,0
2829,1,83,0
2830,1,67,3
2831,1,90,0
2832,1,53,1
2833,1,37,2
2834,1,56,1
2835,1,43,1
2836,1,84,0
2837,1,50,1
2838,1,88,0
2839,1,50,1
2840,1,80,3
2841,1,47,1
2842,1,33,2
2843,1,100,0
2844,1,26,2
2845,1,79,3
2846,1,77,3
2847,1,36,2
2848,1,21,2
2849,1,72,3
2850,1,25,2
2851,1,79,3
2852,1,73,3
2853,1,71,3
2854,1,48,1
2855,1,28,2
2856,1,95,0
2857,1,48,1
2858,1,93,0
2859,1,87,0
2860,1,32,2
2861,1,38,2
2862,1,54,1
2863,1,75,3
2864,1,56,1
2865,1,43,1
2866,1,97,0
2867,1,75,3
2868,1,55,1
2869,1,49,1
2870,1,58,1
2871,1,34,2
2872,1,43,1
2873,1,48,1
2874,1,40,2
2875,1,29,2
2876,1,81,0
2877,1,84,0
2878,1,46,1
2879,1,86,0
2880,1,57,1
2881,1,61,3
2882,1,90,0
2883,1,51,1
2884,1,48,1
2885,1,50,1
2886,1,82,0
2887,1,33,2
2888,1,28,2
2889,1,42,1
2890,1,43,1
2891,1,55,1
2892,1,73,3
2893,1,39,2
2894,1,20,2
2895,1,32,2
2896,1,86,0
2897,1,91,0
2898,1,59,1
2899,1,33,2
2900,1,64,3
2901,1,67,3
2902,1,43,1
2903,1,32,2
2904,1,39,2
2905,1,41,1
2906,1,53,1
2907,1,27,2
2908,1,82,0
2909,1,87,0
2910,1,78,3
2911,1,32,2
2912,1,38,2
2913,1,37,2
2914,1,83,0
2915,1,72,3
2916,1,30,2
2917,1,66,3
2918,1,45,1
2919,1,73,3
2920,1,67,3
2921,1,72,3
2922,1,24,2
2923,1,68,3
2924,1,70,3
2925,1,64,3
2926,1,91,0
2927,1,82,0
2928,1,24,2
2929,1,80,3
2930,1,53,1
2931,1,50,1
2932,1,31,2
2933,1,88,0
2934,1,52,1
2935,1,22,2
2936,1,27,2
2937,1,34,2
2938,1,39,2
2939,1,53,1
2940,1,46,1
2941,1,85,0
2942,1,86,0
2943,1,63,3
2944,1,44,1
2945,1,95,0
2946,1,49,1
2947,1,77,3
2948,1,63,3
2949,1,83,0
2950,1,93,0
2951,1,91,0
2952,1,99,0
2953,1,24,2
2954,1,82,0
2955,1,28,2
2956,1,67,3
2957,1,88,0
2958,1,70,3
2959,1,100,0
2960,1,28,2
2961,1,48,1
2962,1,43,1
2963,1,40,2
2964,1,97,0
2965,1,25,2
2966,1,45,1
2967,1,49,1
2968,1,36,2
2969,1,48,1
2970,1,62,3
2971,1,74,3
2972,1,100,0
2973,1,39,2
2974,1,65,3
2975,1,99,0
2976,1,68,3
2977,1,97,0
2978,1,47,1
2979,1,56,1
2980,1,91,0
2981,1,93,0
2982,1,36,2
2983,1,45,1
2984,1,44,1
2985,1,32,2
2986,1,36,2
2987,1,85,0
2988,1,36,2
2989,1,55,1
2990,1,20,2
2991,1,91,0
2992,1,71,3
2993,1,64,3
2994,1,21,2
2995,1,100,0
2996,1,96,0
2997,1,91,0
2998,1,40,2
2999,1,53,1
3000,1,48,1
3001,1,70,3
3002,1,29,2
3003,1,29,2
3004,1,53,1
3005,1,79,3
3006,1,65,3
3007,1,99,0
3008,1,60,1
3009,1,86,0
3010,1,73,3
3011,1,45,1
3012,1,70,3
3013,1,65,3
3014,1,55,1
3015,1,65,3
3016,1,21,2
3017,1,26,2
3018,1,71,3
3019,1,41,1
3020,1,44,1
3021,1,81,0
3022,1,77,3
3023,1,26,2
3024,1,31,2
3025,1,82,0
3026,1,60,1
3027,1,70,3
3028,1,26,2
3029,1,100,0
3030,1,82,0
3031,1,24,2
3032,1,74,3
3033,1,58,1
3034,1,56,1
3035,1,37,2
3036,1,64,3
3037,1,58,1
3038,1,44,1
3039,1,39,2
3040,1,48,1
3041,1,32,2
3042,1,79,3
3043,1,27,2
3044,1,98,0
3045,1,67,3
3046,1,37,2
3047,1,49,1
3048,1,74,3
3049,1,93,0
3050,1,60,1
3051,1,76,3
3052,1,64,3
3053,1,38,2
3054,1,91,0
3055,1,70,3
3056,1,22,2
3057,1,59,1
3058,1,22,2
3059,1,74,3
3060,1,71,3
3061,1,80,3
3062,1,59,1
3063,1,96,0
3064,1,43,1
3065,1,76,3
3066,1,59,1
3067,1,48,1
3068,1,22,2
3069,1,40,2
3070,1,73,3
3071,1,26,2
3072,1,41,1
3073,1,98,0
3074,1,63,3
3075,1,55,1
3076,1,90,0
3077,1,46,1
3078,1,88,0
3079,1,95,0
3080,1,31,2
3081,1,42,1
3082,1,44,1
3083,1,99,0
3084,1,20,2
3085,1,37,2
3086,1,50,1
3087,1,73,3
3088,1,84,0
3089,1,64,3
3090,1,21,2
3091,1,36,2
3092,1,81,0
3093,1,54,1
3094,1,63,3
3095,1,59,1
3096,1,53,1
3097,1,63,3
3098,1,33,2
3099,1,64,3
3100,1,98,0
3101,1,85,0
3102,1,82,0
3103,1,85,0
3104,1,37,2
3105,1,56,1
3106,1,33,2
3107,1,57,1
3108,1,31,2
3109,1,69,3
3110,1,92,0
3111,1,46,1
3112,1,81,0
3113,1,97,0
3114,1,93,0
3115,1,56,1
3116,1,53,1
3117,1,66,3
3118,1,50,1
3119,1,97,0
3120,1,79,3
3121,1,76,3
3122,1,38,2
3123,1,45,1
3124,1,77,3
3125,1,51,1
3126,1,26,2
3127,1,76,3
3128,1,94,0
3129,1,32,2
3130,1,20,2
3131,1,20,2
3132,1,59,1
3133,1,97,0
3134,1,68,3
3135,1,66,3
3136,1,85,0
3137,1,32,2
3138,1,44,1
3139,1,95,0
3140,1,85,0
3141,1,44,1
3142,1,30,2
3143,1,21,2
3144,1,22,2
3145,1,70,3
3146,1,29,2
3147,1,83,0
3148,1,99,0
3149,1,35,2
3150,1,40,2
3151,1,25,2
3152,1,64,3
3153,1,90,0
3154,1,88,0
3155,1,55,1
3156,1,90,0
3157,1,50,1
3158,1,34,2
3159,1,77,3
3160,1,89,0
3161,1,87,0
3162,1,77,3
3163,1,85,0
3164,1,66,3
3165,1,32,2
3166,1,92,0
3167,1,80,3
3168,1,78,3
3169,1,24,2
3170,1,59,1
3171,1,41,1
3172,1,26,2
3173,1,52,1
3174,1,46,1
3175,1,52,1
3176,1,42,1
3177,1,37,2
3178,1,52,1
3179,1,34,2
3180,1,88,0
3181,1,88,0
3182,1,51,1
3183,1,97,0
3184,1,56,1
3185,1,53,1
3186,1,71,3
3187,1,93,0
3188,1,72,3
3189,1,59,1
3190,1,87,0
3191,1,78,3
3192,1,68,3
3193,1,76,3
3194,1,99,0
3195,1,52,1
3196,1,58,1
3197,1,59,1
3198,1,71,3
3199,1,94,0
3200,1,40,2
3201,1,24,2
3202,1,38,2
3203,1,37,2
3204,1,29,2
3205,1,92,0
3206,1,24,2
3207,1,52,1
3208,1,29,2
3209,1,30,2
3210,1,31,2
3211,1,67,3
3212,1,65,3
3213,1,22,2
3214,1,56,1
3215,1,78,3
3216,1,90,0
3217,1,85,0
3218,1,58,1
3219,1,34,2
3220,1,40,2
3221,1,29,2
3222,1,76,3
3223,1,84,0
3224,1,65,3
3225,1,80,3
3226,1,98,0
3227,1,71,3
3228,1,69,3
3229,1,95,0
3230,1,67,3
3231,1,49,1
3232,1,97,0
3233,1,34,2
3234,1,74,3
3235,1,96,0
3236,1,68,3
3237,1,84,0
3238,1,57,1
3239,1,84,0
3240,1,32,2
3241,1,37,2
3242,1,58,1
3243,1,74,3
3244,1,99,0
3245,1,81,0
3246,1,76,3
3247,1,98,0
3248,1,91,0
3249,1,79,3
3250,1,83,0
3251,1,90,0
3252,1,20,2
3253,1,21,2
3254,1,60,1
3255,1,31,2
3256,1,40,2
3257,1,26,2
3258,1,98,0
3259,1,51,1
3260,1,95,0
3261,1,36,2
3262,1,52,1
3263,1,35,2
3264,1,68,3
3265,1,50,1
3266,1,100,0
3267,1,74,3
3268,1,45,1
3269,1,97,0
3270,1,60,1
3271,1,25,2
3272,1,55,1
3273,1,99,0
3274,1,45,1
3275,1,20,2
3276,1,88,0
3277,1,99,0
3278,1,86,0
3279,1,70,3
3280,1,50,1
3281,1,57,1
3282,1,69,3
3283,1,94,0
3284,1,24,2
3285,1,79,3
3286,1,31,2
3287,1,67,3
3288,1,63,3
3289,1,61,3
3290,1,50,1
3291,1,82,0
3292,1,51,1
3293,1,23,2
3294,1,91,0
3295,1,60,1
3296,1,34,2
3297,1,23,2
3298,1,82,0
3299,1,73,3
3300,1,32,2
3301,1,80,3
3302,1,58,1
3303,1,82,0
3304,1,60,1
3305,1,79,3
3306,1,41,1
3307,1,39,2
3308,1,36,2
3309,1,70,3
3310,1,47,1
3311,1,27,2
3312,1,52,1
3313,1,75,3
3314,1,30,2
3315,1,94,0
3316,1,68,3
3317,1,45,1
3318,1,67,3
3319,1,46,1
3320,1,31,2
3321,1,44,1
3322,1,100,0
3323,1,92,0
3324,1,78,3
3325,1,32,2
3326,1,97,0
3327,1,95,0
3328,1,64,3
3329,1,35,2
3330,1,54,1
3331,1,96,0
3332,1,58,1
3333,1,23,2
3334,1,35,2
3335,1,23,2
3336,1,94,0
3337,1,45,1
3338,1,23,2
3339,1,94,0
3340,1,99,0
3341,1,36,2
3342,1,50,1
3343,1,81,0
3344,1,31,2
3345,1,48,1
3346,1,91,0
3347,1,99,0
3348,1,70,3
3349,1,74,3
3350,1,79,3
3351,1,33,2
3352,1,49,1
3353,1,96,0
3354,1,66,3
3355,1,45,1
3356,1,28,2
3357,1,48,1
3358,1,67,3
3359,1,59,1
3360,1,74,3
3361,1,81,0
3362,1,26,2
3363,1,61,3
3364,1,23,2
3365,1,33,2
3366,1,58,1
3367,1,65,3
3368,1,48,1
3369,1,25,2
3370,1,51,1
3371,1,31,2
3372,1,99,0
3373,1,25,2
3374,1,52,1
3375,1,47,1
3376,1,98,0
3377,1,46,1
3378,1,32,2
3379,1,75,3
3380,1,51,1
3381,1,52,1
3382,1,66,3
3383,1,35,2
3384,1,43,1
3385,1,24,2
3386,1,83,0
3387,1,62,3
3388,1,78,3
3389,1,61,3
3390,1,57,1
3391,1,70,3
3392,1,57,1
3393,1,74,3
3394,1,90,0
3395,1,98,0
3396,1,43,1
3397,1,37,2
3398,1,38,2
3399,1,60,1
3400,1,55,1
3401,1,51,1
3402,1,71,3
3403,1,61,3
3404,1,65,3
3405,1,34,2
3406,1,87,0
3407,1,79,3
3408,1,46,1
3409,1,72,3
3410,1,93,0
3411,1,76,3
3412,1,56,1
3413,1,83,0
3414,1,90,0
3415,1,94,0
3416,1,68,3
3417,1,53,1
3418,1,35,2
3419,1,30,2
3420,1,26,2
3421,1,60,1
3422,1,30,2
3423,1,91,0
3424,1,71,3
3425,1,64,3
3426,1,54,1
3427,1,35,2
3428,1,38,2
3429,1,69,3
3430,1,96,0
3431,1,73,3
3432,1,49,1
3433,1,44,1
3434,1,93,0
3435,1,72,3
3436,1,91,0
3437,1,83,0
3438,1,62,3
3439,1,71,3
3440,1,93,0
3441,1,63,3
3442,1,96,0
3443,1,78,3
3444,1,24,2
3445,1,63,3
3446,1,58,1
3447,1,55,1
3448,1,58,1
3449,1,28,2
3450,1,37,2
3451,1,78,3
3452,1,73,3
3453,1,20,2
3454,1,60,1
3455,1,71,3
3456,1,89,0
3457,1,53,1
3458,1,87,0
3459,1,37,2
3460,1,37,2
3461,1,78,3
3462,1,23,2
3463,1,73,3
3464,1,27,2
3465,1,59,1
3466,1,53,1
3467,1,42,1
3468,1,45,1
3469,1,89,0
3470,1,85,0
3471,1,69,3
3472,1,66,3
3473,1,42,1
3474,1,40,2
3475,1,82,0
3476,1,88,0
3477,1,99,0
3478,1,85,0
3479,1,57,1
3480,1,56,1
3481,1,79,3
3482,1,67,3
3483,1,61,3
3484,1,37,2
3485,1,75,3
3486,1,21,2
3487,1,89,0
3488,1,24,2
3489,1,27,2
3490,1,26,2
3491,1,82,0
3492,1,28,2
3493,1,65,3
3494,1,82,0
3495,1,38,2
3496,1,33,2
3497,1,38,2
3498,1,48,1
3499,1,35,2
3500,1,29,2
3501,1,48,1
3502,1,87,0
3503,1,62,3
3504,1,96,0
3505,1,41,1
3506,1,42,1
3507,1,57,1
3508,1,65,3
3509,1,54,1
3510,1,22,2
3511,1,96,0
3512,1,81,0
3513,1,46,1
3514,1,74,3
3515,1,50,1
3516,1,80,3
3517,1,56,1
3518,1,69,3
3519,1,97,0
3520,1,66,3
3521,1,70,3
3522,1,50,1
3523,1,85,0
3524,1,59,1
3525,1,74,3
3526,1,38,2
3527,1,99,0
3528,1,97,0
3529,1,67,3
3530,1,20,2
3531,1,45,1
3532,1,52,1
3533,1,68,3
3534,1,98,0
3535,1,83,0
3536,1,51,1
3537,1,21,2
3538,1,92,0
3539,1,63,3
3540,1,56,1
3541,1,95,0
3542,1,66,3
3543,1,28,2
3544,1,83,0
3545,1,55,1
3546,1,28,2
3547,1,79,3
3548,1,31,2
3549,1,37,2
3550,1,34,2
3551,1,74,3
3552,1,31,2
3553,1,66,3
3554,1,99,0
3555,1,55,1
3556,1,23,2
3557,1,88,0
3558,1,26,2
3559,1,94,0
3560,1,25,2
3561,1,96,0
3562,1,29,2
3563,1,36,2
3564,1,90,0
3565,1,38,2
3566,1,52,1
3567,1,88,0
3568,1,56,1
3569,1,71,3
3570,1,94,0
3571,1,97,0
3572,1,27,2
3573,1,28,2
3574,1,67,3
3575,1,70,3
3576,1,95,0
3577,1,24,2
3578,1,35,2
3579,1,22,2
3580,1,66,3
3581,1,83,0
3582,1,95,0
3583,1,41,1
3584,1,77,3
3585,1,52,1
3586,1,41,1
3587,1,28,2
3588,1,90,0
3589,1,55,1
3590,1,73,3
3591,1,87,0
3592,1,89,0
3593,1,82,0
3594,1,80,3
3595,1,87,0
3596,1,41,1
3597,1,83,0
3598,1,71,3
3599,1,76,3
3600,1,34,2
3601,1,81,0
3602,1,47,1
3603,1,36,2
3604,1,51,1
3605,1,86,0
3606,1,41,1
3607,1,90,0
3608,1,93,0
3609,1,56,1
3610,1,39,2
3611,1,86,0
3612,1,82,0
3613,1,29,2
3614,1,27,2
3615,1,25,2
3616,1,31,2
3617,1,23,2
3618,1,47,1
3619,1,67,3
3620,1,75,3
3621,1,82,0
3622,1,32,2
3623,1,41,1
3624,1,89,0
3625,1,82,0
3626,1,99,0
3627,1,98,0
3628,1,54,1
3629,1,88,0
3630,1,43,1
3631,1,73,3
3632,1,50,1
3633,1,73,3
3634,1,51,1
3635,1,22,2
3636,1,32,2
3637,1,38,2
3638,1,66,3
3639,1,20,2
3640,1,44,1
3641,1,31,2
3642,1,45,1
3643,1,71,3
3644,1,96,0
3645,1,32,2
3646,1,90,0
3647,1,68,3
3648,1,45,1
3649,1,67,3
3650,1,57,1
3651,1,60,1
3652,1,32,2
3653,1,29,2
3654,1,20,2
3655,1,98,0
3656,1,27,2
3657,1,67,3
3658,1,82,0
3659,1,72,3
3660,1,77,3
3661,1,74,3
3662,1,39,2
3663,1,80,3
3664,1,59,1
3665,1,68,3
3666,1,77,3
3667,1,50,1
3668,1,45,1
3669,1,71,3
3670,1,52,1
3671,1,50,1
3672,1,66,3
3673,1,81,0
3674,1,28,2
3675,1,65,3
3676,1,80,3
3677,1,94,0
3678,1,30,2
3679,1,45,1
3680,1,91,0
3681,1,36,2
3682,1,73,3
3683,1,60,1
3684,1,77,3
3685,1,86,0
3686,1,42,1
3687,1,70,3
3688,1,44,1
3689,1,91,0
3690,1,30,2
3691,1,23,2
3692,1,21,2
3693,1,34,2
3694,1,46,1
3695,1,41,1
3696,1,33,2
3697,1,48,1
3698,1,66,3
3699,1,54,1
3700,1,55,1
3701,1,84,0
3702,1,66,3
3703,1,65,3
3704,1,83,0
3705,1,61,3
3706,1,65,3
3707,1,55,1
3708,1,79,3
3709,1,96,0
3710,1,43,1
3711,1,40,2
3712,1,62,3
3713,1,72,3
3714,1,87,0
3715,1,31,2
3716,1,34,2
3717,1,53,1
3718,1,85,0
3719,1,50,1
3720,1,91,0
3721,1,56,1
3722,1,60,1
3723,1,34,2
3724,1,30,2
3725,1,71,3
3726,1,100,0
3727,1,85,0
3728,1,83,0
3729,1,31,2
3730,1,82,0
3731,1,79,3
3732,1,62,3
3733,1,92,0
3734,1,58,1
3735,1,88,0
3736,1,44,1
3737,1,56,1
3738,1,23,2
3739,1,45,1
3740,1,31,2
3741,1,96,0
3742,1,96,0
3743,1,80,3
3744,1,28,2
3745,1,51,1
3746,1,41,1
3747,1,99,0
3748,1,53,1
3749,1,25,2
3750,1,95,0
3751,1,88,0
3752,1,97,0
3753,1,81,0
3754,1,26,2
3755,1,41,1
3756,1,93,0
3757,1,69,3
3758,1,44,1
3759,1,54,1
3760,1,61,3
3761,1,80,3
3762,1,30,2
3763,1,94,0
3764,1,24,2
3765,1,21,2
3766,1,52,1
3767,1,59,1
3768,1,51,1
3769,1,35,2
3770,1,87,0
3771,1,42,1
3772,1,86,0
3773,1,26,2
3774,1,60,1
3775,1,83,0
3776,1,63,3
3777,1,25,2
3778,1,65,3
3779,1,60,1
3780,1,75,3
3781,1,57,1
3782,1,99,0
3783,1,45,1
3784,1,66,3
3785,1,53,1
3786,1,94,0
3787,1,47,1
3788,1,80,3
3789,1,65,3
3790,1,75,3
3791,1,45,1
3792,1,51,1
3793,1,58,1
3794,1,20,2
3795,1,82,0
3796,1,92,0
3797,1,81,0
3798,1,44,1
3799,1,72,3
3800,1,26,2
3801,1,26,2
3802,1,84,0
3803,1,72,3
3804,1,55,1
3805,1,77,3
3806,1,57,1
3807,1,71,3
3808,1,39,2
3809,1,28,2
3810,1,33,2
3811,1,79,3
3812,1,30,2
3813,1,75,3
3814,1,89,0
3815,1,95,0
3816,1,44,1
3817,1,86,0
3818,1,91,0
3819,1,41,1
3820,1,99,0
3821,1,65,3
3822,1,48,1
3823,1,41,1
3824,1,42,1
3825,1,26,2
3826,1,35,2
3827,1,31,2
3828,1,73,3
3829,1,82,0
3830,1,32,2
3831,1,27,2
3832,1,86,0
3833,1,38,2
3834,1,93,0
3835,1,59,1
3836,1,58,1
3837,1,84,0
3838,1,100,0
3839,1,25,2
3840,1,29,2
3841,1,42,1
3842,1,57,1
3843,1,84,0
3844,1,71,3
3845,1,87,0
3846,1,52,1
3847,1,58,1
3848,1,34,2
3849,1,60,1
3850,1,68,3
3851,1,74,3
3852,1,83,0
3853,1,79,3
3854,1,76,3
3855,1,20,2
3856,1,61,3
3857,1,78,3
3858,1,21,2
3859,1,77,3
3860,1,88,0
3861,1,64,3
3862,1,57,1
3863,1,49,1
3864,1,35,2
3865,1,99,0
3866,1,42,1
3867,1,32,2
3868,1,21,2
3869,1,29,2
3870,1,64,3
3871,1,46,1
3872,1,97,0
3873,1,94,0
3874,1,43,1
3875,1,54,1
3876,1,51,1
3877,1,85,0
3878,1,96,0
3879,1,42,1
3880,1,63,3
3881,1,20,2
3882,1,25,2
3883,1,95,0
3884,1,38,2
3885,1,29,2
3886,1,64,3
3887,1,92,0
3888,1,34,2
3889,1,69,3
3890,1,65,3
3891,1,81,0
3892,1,30,2
3893,1,86,0
3894,1,64,3
3895,1,78,3
3896,1,28,2
3897,1,49,1
3898,1,33,2
3899,1,77,3
3900,1,81,0
